{"Accuracy": 0.9105469930492596, "Precision": 0.8287373004354136, "Recall": 0.7405966277561609, "Specificity": 0.9548757170172084, "F1-score": 0.7821917808219178, "Kappa statistic": 0.7185450503594749}